"original_text","perturbed_text","original_score","perturbed_score","original_output","perturbed_output","ground_truth_output","num_queries","result_type"
"it 's a [[charming]] and [[often]] [[affecting]] [[journey]] . ","it 's a [[tasty]] and [[automatically]] [[afflicts]] [[backpacking]] . ",0.0031456351280212402,0.5153582096099854,1,0,1,144,"Successful"
"unflinchingly [[bleak]] and desperate ","unflinchingly [[baleful]] and desperate ",0.16424286365509033,0.9307178258895874,0,1,0,33,"Successful"
"allows us to hope that nolan is [[poised]] to embark a [[major]] career as a commercial yet [[inventive]] filmmaker . ","allows us to hope that nolan is [[readies]] to embark a [[severe]] career as a commercial yet [[inventor]] filmmaker . ",0.009686708450317383,0.5112102031707764,1,0,1,131,"Successful"
"the acting , costumes , music , cinematography and sound are all [[astounding]] [[given]] the production 's austere locales . ","the acting , costumes , music , cinematography and sound are all [[breathless]] [[referred]] the production 's austere locales . ",0.07816731929779053,0.5737574100494385,1,0,1,70,"Successful"
"it 's slow -- [[very]] , very [[slow]] . ","it 's slow -- [[perfectly]] , very [[lento]] . ",0.015518426895141602,0.702572226524353,0,1,0,66,"Successful"
"although laced with humor and a few [[fanciful]] [[touches]] , the film is a [[refreshingly]] serious [[look]] at young women . ","although laced with humor and a few [[temperamental]] [[afflicting]] , the film is a [[blithely]] serious [[blankly]] at young women . ",0.0440293550491333,0.7389837503433228,1,0,1,175,"Successful"
"a sometimes [[tedious]] film . ","a sometimes [[industrious]] film . ",0.03261202573776245,0.9629950523376465,0,1,0,43,"Successful"
"or doing last [[year]] 's [[taxes]] with your ex-wife . ","or doing last [[years]] 's [[honorarium]] with your ex-wife . ",0.13956624269485474,0.503870964050293,0,1,0,57,"Successful"
"you do n't have to know about [[music]] to [[appreciate]] the film 's easygoing [[blend]] of [[comedy]] and romance . ","you do n't have to know about [[musica]] to [[thanking]] the film 's easygoing [[stir]] of [[mockery]] and romance . ",0.09049886465072632,0.5200058221817017,1,0,1,149,"Successful"
"in exactly 89 minutes , most of which passed as slowly as if i 'd been sitting naked on an igloo , formula 51 [[sank]] from quirky to [[jerky]] to [[utter]] turkey . ","in exactly 89 minutes , most of which passed as slowly as if i 'd been sitting naked on an igloo , formula 51 [[flowed]] from quirky to [[driest]] to [[absolute]] turkey . ",0.09677296876907349,0.5148587226867676,0,1,0,110,"Successful"
"the [[mesmerizing]] performances of the [[leads]] [[keep]] the film grounded and [[keep]] the audience [[riveted]] . ","the [[scintillating]] performances of the [[culminate]] [[protected]] the film grounded and [[continue]] the audience [[dumbstruck]] . ",0.023547470569610596,0.505288302898407,1,0,1,200,"Successful"
"it takes a strange kind of laziness to [[waste]] the talents of robert forster , anne meara , eugene levy , and reginald veljohnson all in the same movie . ","it takes a strange kind of laziness to [[jingles]] the talents of robert forster , anne meara , eugene levy , and reginald veljohnson all in the same movie . ",0.06781703233718872,0.5671045184135437,0,1,0,68,"Successful"
"... the [[film]] [[suffers]] from a [[lack]] of humor ( something needed to balance out the violence ) ... ","... the [[filmmakers]] [[underwent]] from a [[rarity]] of humor ( something needed to balance out the violence ) ... ",0.005308687686920166,0.7751326560974121,0,1,0,117,"Successful"
"we root for ( clara and paul ) , even like them , [[though]] perhaps it 's an emotion closer to pity . ","we root for ( clara and paul ) , even like them , [[than]] perhaps it 's an emotion closer to pity . ",0.3420454263687134,0.5411155223846436,1,0,1,31,"Successful"
"even horror fans will most likely not find what they 're seeking with trouble every day ; the movie [[lacks]] both thrills and humor . ","even horror fans will most likely not find what they 're seeking with trouble every day ; the movie [[dearth]] both thrills and humor . ",0.03336423635482788,0.5279499292373657,0,1,0,59,"Successful"
"a [[gorgeous]] , high-spirited musical from [[india]] that exquisitely blends music , dance , [[song]] , and high drama . ","a [[peachy]] , high-spirited musical from [[mumbai]] that exquisitely blends music , dance , [[ditty]] , and high drama . ",0.017309248447418213,0.05279165506362915,1,1,1,200,"Failed"
"the emotions are [[raw]] and will strike a nerve with anyone who 's ever had family trauma . ","the emotions are [[coarse]] and will strike a nerve with anyone who 's ever had family trauma . ",0.03142392635345459,0.5964621901512146,1,0,1,30,"Successful"
"audrey tatou has a knack for picking [[roles]] that [[magnify]] her outrageous charm , and in this literate french [[comedy]] , she 's as morning-glory [[exuberant]] as she was in amélie . ","audrey tatou has a knack for picking [[duties]] that [[widening]] her outrageous charm , and in this literate french [[ridicule]] , she 's as morning-glory [[languid]] as she was in amélie . ",0.05976545810699463,0.2288050651550293,1,1,1,200,"Failed"
"... the [[movie]] is just a [[plain]] [[old]] [[monster]] . ","... the [[image]] is just a [[meadows]] [[oldest]] [[creatures]] . ",0.011564373970031738,0.46776628494262695,0,0,0,130,"Failed"
"in its best moments , resembles a [[bad]] high school production of grease , without [[benefit]] of song . ","in its best moments , resembles a [[wicked]] high school production of grease , without [[allowances]] of song . ",0.07619762420654297,0.5750324130058289,0,1,0,87,"Successful"
"pumpkin takes an admirable look at the hypocrisy of political correctness , but it does so with such an [[uneven]] tone that you never know when humor ends and tragedy begins . ","pumpkin takes an admirable look at the hypocrisy of political correctness , but it does so with such an [[lopsided]] tone that you never know when humor ends and tragedy begins . ",0.34891456365585327,0.6186230182647705,0,1,0,61,"Successful"
"the iditarod lasts for days - this just felt like it did . ","the iditarod lasts for days - this just felt like it did . ",0.6969591379165649,0.6969591379165649,1,1,0,1,"Skipped"
"holden caulfield did it better . ","holden caulfield did it better . ",0.8568310141563416,0.8568310141563416,1,1,0,1,"Skipped"
"a delectable and [[intriguing]] thriller [[filled]] with surprises , read my lips is an [[original]] . ","a delectable and [[outlandish]] thriller [[occupied]] with surprises , read my lips is an [[primitive]] . ",0.004219532012939453,0.5164802074432373,1,0,1,85,"Successful"
"seldom has a movie [[so]] closely matched the spirit of a man and his work . ","seldom has a movie [[even]] closely matched the spirit of a man and his work . ",0.07076549530029297,0.5794752836227417,1,0,1,45,"Successful"
"nicks , seemingly uncertain what 's [[going]] to make people laugh , runs the gamut from [[stale]] parody to raunchy sex gags to formula romantic comedy . ","nicks , seemingly uncertain what 's [[goes]] to make people laugh , runs the gamut from [[yesteryear]] parody to raunchy sex gags to formula romantic comedy . ",0.1458471417427063,0.6238442659378052,0,1,0,65,"Successful"
"the [[action]] [[switches]] between past and present , but the material link is too [[tenuous]] to anchor the emotional connections that purport to [[span]] a 125-year divide . ","the [[deeds]] [[swapped]] between past and present , but the material link is too [[fragile]] to anchor the emotional connections that purport to [[extended]] a 125-year divide . ",0.27568507194519043,0.5307503342628479,0,1,0,147,"Successful"
"it 's an offbeat [[treat]] that pokes [[fun]] at the democratic exercise while also examining its significance for those who take part . ","it 's an offbeat [[broached]] that pokes [[droll]] at the democratic exercise while also examining its significance for those who take part . ",0.012047111988067627,0.5378804206848145,1,0,1,111,"Successful"
"it 's a cookie-cutter [[movie]] , a cut-and-paste job . ","it 's a cookie-cutter [[moviemaking]] , a cut-and-paste job . ",0.17435681819915771,0.5473471879959106,0,1,0,54,"Successful"
"i had to look away - this was god [[awful]] . ","i had to look away - this was god [[outrageous]] . ",0.03970348834991455,0.5566405057907104,0,1,0,31,"Successful"
"[[thanks]] to scott 's charismatic roger and eisenberg 's [[sweet]] nephew , roger dodger is one of the most [[compelling]] variations on in the company of men . ","[[acknowledgement]] to scott 's charismatic roger and eisenberg 's [[belle]] nephew , roger dodger is one of the most [[unconvincing]] variations on in the company of men . ",0.007768154144287109,0.391101598739624,1,1,1,200,"Failed"
"... designed to provide a mix of smiles and tears , `` crossroads '' [[instead]] provokes a handful of unintentional howlers and numerous [[yawns]] . ","... designed to provide a mix of smiles and tears , `` crossroads '' [[rather]] provokes a handful of unintentional howlers and numerous [[grins]] . ",0.05167829990386963,0.87026047706604,0,1,0,102,"Successful"
"a [[gorgeous]] , [[witty]] , [[seductive]] [[movie]] . ","a [[grandiose]] , [[mental]] , [[sexier]] [[theaters]] . ",0.008738517761230469,0.28979575634002686,1,1,1,138,"Failed"
"if the [[movie]] succeeds in instilling a wary sense of ` there but for the grace of god , ' it is [[far]] too self-conscious to draw you deeply into its world . ","if the [[movies]] succeeds in instilling a wary sense of ` there but for the grace of god , ' it is [[greatly]] too self-conscious to draw you deeply into its world . ",0.2534586191177368,0.48162978887557983,0,0,0,200,"Failed"
"it [[does]] n't believe in itself , it has no [[sense]] of [[humor]] ... it 's just plain [[bored]] . ","it [[doing]] n't believe in itself , it has no [[foreboding]] of [[laughing]] ... it 's just plain [[annoy]] . ",0.020048439502716064,0.5296705961227417,0,1,0,83,"Successful"
"a sequence of [[ridiculous]] shoot - 'em - up scenes . ","a sequence of [[ironic]] shoot - 'em - up scenes . ",0.01905876398086548,0.9098986983299255,0,1,0,48,"Successful"
"the weight of the piece , the unerring professionalism of the [[chilly]] production , and the fascination embedded in the lurid topic [[prove]] recommendation enough . ","the weight of the piece , the unerring professionalism of the [[frigid]] production , and the fascination embedded in the lurid topic [[test]] recommendation enough . ",0.10317909717559814,0.567712664604187,1,0,1,78,"Successful"
"( w ) hile long on amiable monkeys and worthy environmentalism , jane goodall 's wild chimpanzees is [[short]] on the thrills the oversize medium demands . ","( w ) hile long on amiable monkeys and worthy environmentalism , jane goodall 's wild chimpanzees is [[succinct]] on the thrills the oversize medium demands . ",0.045320749282836914,0.5105648040771484,0,1,0,33,"Successful"
"as surreal as a [[dream]] and as [[detailed]] as a [[photograph]] , as visually [[dexterous]] as it is at [[times]] imaginatively [[overwhelming]] . ","as surreal as a [[slept]] and as [[caution]] as a [[pictured]] , as visually [[smarter]] as it is at [[dated]] imaginatively [[grande]] . ",0.010789930820465088,0.5882622003555298,1,0,1,141,"Successful"
"[[escaping]] the studio , piccoli is [[warmly]] [[affecting]] and so is this adroitly minimalist movie . ","[[leaks]] the studio , piccoli is [[sincerest]] [[repercussions]] and so is this adroitly minimalist movie . ",0.011114835739135742,0.775656521320343,1,0,1,101,"Successful"
"there 's ... [[tremendous]] energy from the [[cast]] , a sense of [[playfulness]] and excitement that seems [[appropriate]] . ","there 's ... [[substantial]] energy from the [[hurled]] , a sense of [[condescension]] and excitement that seems [[punctual]] . ",0.003289461135864258,0.6560269594192505,1,0,1,151,"Successful"
"this [[illuminating]] documentary [[transcends]] our preconceived vision of the [[holy]] land and its inhabitants , revealing the human [[complexities]] beneath . ","this [[instructional]] documentary [[overmatched]] our preconceived vision of the [[sacred]] land and its inhabitants , revealing the human [[intricate]] beneath . ",0.004428386688232422,0.6282286047935486,1,0,1,133,"Successful"
"the subtle strength of `` elling '' is that it never [[loses]] touch with the reality of the grim situation . ","the subtle strength of `` elling '' is that it never [[looses]] touch with the reality of the grim situation . ",0.01359790563583374,0.7355763912200928,1,0,1,29,"Successful"
"holm ... [[embodies]] the [[character]] with an effortlessly [[regal]] [[charisma]] . ","holm ... [[implicates]] the [[featured]] with an effortlessly [[monarchy]] [[fetish]] . ",0.008071541786193848,0.706104040145874,1,0,1,112,"Successful"
"the title not only describes its main characters , but the [[lazy]] people behind the camera as well . ","the title not only describes its main characters , but the [[unmotivated]] people behind the camera as well . ",0.48780906200408936,0.7928156852722168,0,1,0,19,"Successful"
"it offers [[little]] beyond the momentary joys of pretty and weightless intellectual entertainment . ","it offers [[humble]] beyond the momentary joys of pretty and weightless intellectual entertainment . ",0.11334192752838135,0.9585604667663574,0,1,0,52,"Successful"
"a synthesis of cliches and absurdities that seems positively decadent in its cinematic flash and emptiness . ","a synthesis of cliches and absurdities that seems positively decadent in its cinematic flash and emptiness . ",0.8361000418663025,0.8361000418663025,1,1,0,1,"Skipped"
"a [[subtle]] and well-crafted ( for the most [[part]] ) chiller . ","a [[inconspicuous]] and well-crafted ( for the most [[faction]] ) chiller . ",0.005890607833862305,0.08611959218978882,1,1,1,64,"Failed"
"[[has]] a [[lot]] of the [[virtues]] of [[eastwood]] at his [[best]] . ","[[had]] a [[fate]] of the [[prerogative]] of [[stallone]] at his [[preferable]] . ",0.017593979835510254,0.6473453044891357,1,0,1,114,"Successful"
"it 's [[hampered]] by a lifetime-channel kind of plot and a lead actress who is out of her [[depth]] . ","it 's [[restrained]] by a lifetime-channel kind of plot and a lead actress who is out of her [[depths]] . ",0.047124266624450684,0.5302426815032959,0,1,0,83,"Successful"
"it feels [[like]] an after-school special gussied up with some fancy special effects , and watching its rote plot points connect is about as exciting as gazing at an egg timer for 93 minutes . ","it feels [[enjoy]] an after-school special gussied up with some fancy special effects , and watching its rote plot points connect is about as exciting as gazing at an egg timer for 93 minutes . ",0.41532576084136963,0.530275821685791,0,1,0,46,"Successful"
"for the most part , director anne-sophie birot 's first feature is a [[sensitive]] , [[extraordinarily]] well-acted drama . ","for the most part , director anne-sophie birot 's first feature is a [[awkward]] , [[inordinately]] well-acted drama . ",0.004690349102020264,0.6779011487960815,1,0,1,92,"Successful"
"mr. tsai is a [[very]] original artist in his medium , and what time is it there ? ","mr. tsai is a [[too]] original artist in his medium , and what time is it there ? ",0.1256340742111206,0.8838884830474854,1,0,1,60,"Successful"
"sade is an [[engaging]] look at the controversial eponymous and [[fiercely]] atheistic hero . ","sade is an [[implicate]] look at the controversial eponymous and [[tirelessly]] atheistic hero . ",0.02633655071258545,0.6617825627326965,1,0,1,97,"Successful"
"so [[devoid]] of any kind of intelligible story that it makes films like xxx and collateral damage seem like thoughtful treatises ","so [[free]] of any kind of intelligible story that it makes films like xxx and collateral damage seem like thoughtful treatises ",0.020827829837799072,0.5899053812026978,0,1,0,35,"Successful"
"a [[tender]] , [[heartfelt]] family drama . ","a [[bid]] , [[depths]] family drama . ",0.008864760398864746,0.5741786360740662,1,0,1,61,"Successful"
"... a [[hollow]] [[joke]] told by a cinematic gymnast having too much fun embellishing the misanthropic [[tale]] to actually engage it . ","... a [[trough]] [[entertaining]] told by a cinematic gymnast having too much fun embellishing the misanthropic [[histories]] to actually engage it . ",0.009039998054504395,0.33901989459991455,0,0,0,200,"Failed"
"the [[cold]] turkey would 've been a far better [[title]] . ","the [[cool]] turkey would 've been a far better [[denomination]] . ",0.3382769823074341,0.6248137950897217,0,1,0,48,"Successful"
"manages to be both repulsively sadistic and [[mundane]] . ","manages to be both repulsively sadistic and [[staid]] . ",0.41797423362731934,0.9341270327568054,0,1,0,24,"Successful"
"it 's just disappointingly superficial -- a movie that [[has]] all the elements necessary to [[be]] a fascinating , [[involving]] [[character]] study , but never does more than scratch the surface . ","it 's just disappointingly superficial -- a movie that [[hectare]] all the elements necessary to [[are]] a fascinating , [[relating]] [[feature]] study , but never does more than scratch the surface . ",0.10824352502822876,0.2615872621536255,0,0,0,200,"Failed"
"this is a [[story]] of two misfits who [[do]] n't [[stand]] a [[chance]] alone , but together they are [[magnificent]] . ","this is a [[conte]] of two misfits who [[wo]] n't [[position]] a [[likelihood]] alone , but together they are [[extraordinaire]] . ",0.019939422607421875,0.5969804525375366,1,0,1,160,"Successful"
"schaeffer [[has]] to find some hook on which to hang his persistently [[useless]] movies , and it might as well be the resuscitation of the middle-aged character . ","schaeffer [[enjoys]] to find some hook on which to hang his persistently [[superfluous]] movies , and it might as well be the resuscitation of the middle-aged character . ",0.14603668451309204,0.6200685501098633,0,1,0,89,"Successful"
"the primitive [[force]] of this film seems to bubble up from the [[vast]] collective memory of the combatants . ","the primitive [[armies]] of this film seems to bubble up from the [[gargantuan]] collective memory of the combatants . ",0.21729475259780884,0.5014630556106567,1,0,1,70,"Successful"
"on this tricky topic , tadpole is [[very]] much a step in the [[right]] direction , with its [[blend]] of frankness , civility and [[compassion]] . ","on this tricky topic , tadpole is [[severely]] much a step in the [[adequate]] direction , with its [[blending]] of frankness , civility and [[pity]] . ",0.02749955654144287,0.37968575954437256,1,1,1,200,"Failed"
"the script kicks in , and mr. hartley 's distended pace and foot-dragging rhythms follow . ","the script kicks in , and mr. hartley 's distended pace and foot-dragging rhythms follow . ",0.847040057182312,0.847040057182312,1,1,0,1,"Skipped"
"you wonder why enough was n't just a music video [[rather]] than a full-length movie . ","you wonder why enough was n't just a music video [[exactly]] than a full-length movie . ",0.31682437658309937,0.5157865285873413,0,1,0,50,"Successful"
"if you 're hard up for raunchy college [[humor]] , this is your ticket right here . ","if you 're hard up for raunchy college [[banter]] , this is your ticket right here . ",0.2437393069267273,0.5022621154785156,1,0,1,57,"Successful"
"a [[fast]] , [[funny]] , highly [[enjoyable]] movie . ","a [[faster]] , [[weird]] , highly [[cosy]] movie . ",0.004152178764343262,0.758100688457489,1,0,1,87,"Successful"
"[[good]] old-fashioned slash-and-hack is back ! ","[[advisable]] old-fashioned slash-and-hack is back ! ",0.19066154956817627,0.5313016176223755,1,0,1,43,"Successful"
"this one is definitely one to skip , even for horror movie fanatics . ","this one is definitely one to skip , even for horror movie fanatics . ",0.5721533298492432,0.5721533298492432,1,1,0,1,"Skipped"
"for all its impressive craftsmanship , and despite an overbearing series of third-act crescendos , lily chou-chou never really builds up a [[head]] of [[emotional]] steam . ","for all its impressive craftsmanship , and despite an overbearing series of third-act crescendos , lily chou-chou never really builds up a [[jefe]] of [[psychiatric]] steam . ",0.09820163249969482,0.548511266708374,0,1,0,86,"Successful"
"exquisitely nuanced in mood tics and dialogue , this [[chamber]] drama is [[superbly]] [[acted]] by the deeply appealing veteran bouquet and the chilling but [[quite]] human berling . ","exquisitely nuanced in mood tics and dialogue , this [[rooms]] drama is [[terribly]] [[served]] by the deeply appealing veteran bouquet and the chilling but [[too]] human berling . ",0.03239798545837402,0.3588014841079712,1,1,1,200,"Failed"
"uses high comedy to [[evoke]] [[surprising]] poignance . ","uses high comedy to [[resembling]] [[whopping]] poignance . ",0.008352518081665039,0.5626416206359863,1,0,1,88,"Successful"
"one of creepiest , [[scariest]] movies to come along in a long , long [[time]] , easily rivaling blair witch or the others . ","one of creepiest , [[craziest]] movies to come along in a long , long [[clocking]] , easily rivaling blair witch or the others . ",0.041227757930755615,0.5463114976882935,1,0,1,94,"Successful"
"a string of rehashed sight [[gags]] based in [[insipid]] [[vulgarity]] . ","a string of rehashed sight [[chuckles]] based in [[harmless]] [[playfulness]] . ",0.012118697166442871,0.7944835424423218,0,1,0,125,"Successful"
"among the year 's most [[intriguing]] [[explorations]] of alientation . ","among the year 's most [[baffling]] [[scrutinize]] of alientation . ",0.025256693363189697,0.861723005771637,1,0,1,110,"Successful"
"the movie [[fails]] to live up to the sum of its parts . ","the movie [[overlooking]] to live up to the sum of its parts . ",0.007642984390258789,0.9683703780174255,0,1,0,62,"Successful"
"the son 's [[room]] is a [[triumph]] of gentility that [[earns]] its [[moments]] of pathos . ","the son 's [[bureaus]] is a [[triomphe]] of gentility that [[getting]] its [[occasion]] of pathos . ",0.07609879970550537,0.5111285448074341,1,0,1,147,"Successful"
"there is nothing outstanding about this film , but it is [[good]] enough and will likely be [[appreciated]] most by sailors and folks who [[know]] their way around a submarine . ","there is nothing outstanding about this film , but it is [[adequate]] enough and will likely be [[hails]] most by sailors and folks who [[heed]] their way around a submarine . ",0.08056247234344482,0.4363335371017456,1,1,1,200,"Failed"
"this is a train [[wreck]] of an action film -- a stupefying [[attempt]] by the [[filmmakers]] to force-feed james bond into the mindless xxx mold and throw 40 years of cinematic history down the [[toilet]] in favor of bright flashes and loud bangs . ","this is a train [[sinks]] of an action film -- a stupefying [[endeavors]] by the [[cameramen]] to force-feed james bond into the mindless xxx mold and throw 40 years of cinematic history down the [[wallow]] in favor of bright flashes and loud bangs . ",0.06502509117126465,0.432700514793396,0,0,0,200,"Failed"
"the draw ( for `` big bad [[love]] '' ) is a [[solid]] [[performance]] by arliss howard . ","the draw ( for `` big bad [[worshipped]] '' ) is a [[sonora]] [[executions]] by arliss howard . ",0.005305111408233643,0.8209018111228943,1,0,1,130,"Successful"
"green might [[want]] to hang onto that [[ski]] mask , as robbery may [[be]] the only [[way]] to [[pay]] for his next project . ","green might [[going]] to hang onto that [[slalom]] mask , as robbery may [[es]] the only [[path]] to [[therapies]] for his next project . ",0.22340601682662964,0.44586098194122314,0,0,0,200,"Failed"
"it 's one pussy-ass [[world]] when even killer-thrillers revolve around [[group]] [[therapy]] sessions . ","it 's one pussy-ass [[universal]] when even killer-thrillers revolve around [[grouping]] [[treat]] sessions . ",0.15338420867919922,0.5408821105957031,0,1,0,136,"Successful"
"though it 's become almost redundant to say so , major kudos go to leigh for actually casting people who look working-class . ","though it 's become almost redundant to say so , major kudos go to leigh for actually casting people who look working-class . ",0.6721153259277344,0.6721153259277344,0,0,1,1,"Skipped"
"the [[band]] 's [[courage]] in the face of official repression is [[inspiring]] , especially for aging hippies ( this one included ) . ","the [[bands]] 's [[plucky]] in the face of official repression is [[motivated]] , especially for aging hippies ( this one included ) . ",0.03892791271209717,0.5679358243942261,1,0,1,83,"Successful"
"the movie [[achieves]] as great an [[impact]] by keeping these thoughts hidden as ... ( quills ) did by showing them . ","the movie [[obtains]] as great an [[incidence]] by keeping these thoughts hidden as ... ( quills ) did by showing them . ",0.05222165584564209,0.5386821031570435,1,0,1,88,"Successful"
"the film [[flat]] lines when it should peak and is more [[missed]] opportunity and trifle than dark , decadent truffle . ","the film [[unfurnished]] lines when it should peak and is more [[grable]] opportunity and trifle than dark , decadent truffle . ",0.012753844261169434,0.6597388982772827,0,1,0,61,"Successful"
"jaglom ... put ( s ) the audience in the [[privileged]] position of eavesdropping on his characters ","jaglom ... put ( s ) the audience in the [[liens]] position of eavesdropping on his characters ",0.10457992553710938,0.8753597736358643,1,0,1,32,"Successful"
"fresnadillo 's dark and jolting images have a [[way]] of plying into your subconscious like the nightmare you had a week ago that wo n't go away . ","fresnadillo 's dark and jolting images have a [[manner]] of plying into your subconscious like the nightmare you had a week ago that wo n't go away . ",0.38265347480773926,0.5087552070617676,1,0,1,68,"Successful"
"we know the plot 's a little crazy , but it [[held]] my interest from start to finish . ","we know the plot 's a little crazy , but it [[chocks]] my interest from start to finish . ",0.020300745964050293,0.6850617527961731,1,0,1,54,"Successful"
"it 's a scattershot [[affair]] , but when it hits its [[mark]] it 's [[brilliant]] . ","it 's a scattershot [[issue]] , but when it hits its [[branded]] it 's [[glossy]] . ",0.024078547954559326,0.505754828453064,1,0,1,96,"Successful"
"[[hardly]] a masterpiece , but it [[introduces]] viewers to a [[good]] charitable enterprise and some interesting real [[people]] . ","[[closely]] a masterpiece , but it [[prescribes]] viewers to a [[proper]] charitable enterprise and some interesting real [[mens]] . ",0.009504437446594238,0.22962313890457153,1,1,1,200,"Failed"
"you wo n't like roger , but you will quickly recognize him . ","you wo n't like roger , but you will quickly recognize him . ",0.8721683025360107,0.8721683025360107,1,1,0,1,"Skipped"
"if steven soderbergh 's ` solaris ' is a failure it is a glorious failure . ","if steven soderbergh 's ` solaris ' is a failure it is a glorious failure . ",0.5113610029220581,0.5113610029220581,0,0,1,1,"Skipped"
"byler [[reveals]] his characters in a [[way]] that intrigues and even [[fascinates]] us , and he never [[reduces]] the situation to simple melodrama . ","byler [[betrays]] his characters in a [[chemin]] that intrigues and even [[disgusts]] us , and he never [[decrease]] the situation to simple melodrama . ",0.044978201389312744,0.5496964454650879,1,0,1,200,"Successful"
"this riveting world war ii moral suspense story deals with the shadow side of american culture : racial prejudice in its ugly and diverse forms . ","this riveting world war ii moral suspense story deals with the shadow side of american culture : racial prejudice in its ugly and diverse forms . ",0.8660240173339844,0.8660240173339844,1,1,0,1,"Skipped"
"it 's difficult to imagine the process that produced such a script , but here 's guessing that spray cheese and [[underarm]] noises [[played]] a crucial role . ","it 's difficult to imagine the process that produced such a script , but here 's guessing that spray cheese and [[armpit]] noises [[realised]] a crucial role . ",0.38673239946365356,0.534832239151001,0,1,0,69,"Successful"
"no sophomore slump for director sam mendes , who segues from oscar winner to oscar-winning potential with a [[smooth]] sleight of hand . ","no sophomore slump for director sam mendes , who segues from oscar winner to oscar-winning potential with a [[irreproachable]] sleight of hand . ",0.05935615301132202,0.7909684777259827,1,0,1,38,"Successful"
"on the whole , the movie [[lacks]] wit , feeling and believability to compensate for its incessant coarseness and banality . ","on the whole , the movie [[shortfall]] wit , feeling and believability to compensate for its incessant coarseness and banality . ",0.02841562032699585,0.7771475315093994,0,1,0,53,"Successful"
"why [[make]] a [[documentary]] about these [[marginal]] historical figures ? ","why [[bringing]] a [[text]] about these [[modest]] historical figures ? ",0.06854701042175293,0.5766855478286743,0,1,0,128,"Successful"
"neither parker nor donovan is a typical romantic lead , but they [[bring]] a [[fresh]] , quirky [[charm]] to the formula . ","neither parker nor donovan is a typical romantic lead , but they [[assumes]] a [[mild]] , quirky [[exudes]] to the formula . ",0.03898978233337402,0.5219303369522095,1,0,1,109,"Successful"
"his last movie was poetically romantic and full of indelible images , but his latest [[has]] nothing [[going]] for it . ","his last movie was poetically romantic and full of indelible images , but his latest [[enjoy]] nothing [[goes]] for it . ",0.07767325639724731,0.682646632194519,0,1,0,71,"Successful"
"does paint some memorable images ... , but makhmalbaf [[keeps]] her distance from the characters ","does paint some memorable images ... , but makhmalbaf [[chocks]] her distance from the characters ",0.11619198322296143,0.5693620443344116,1,0,1,63,"Successful"
"a [[gripping]] movie , [[played]] with performances that are all understated and touching . ","a [[hallucinatory]] movie , [[suffered]] with performances that are all understated and touching . ",0.0026009082794189453,0.752530574798584,1,0,1,85,"Successful"
"it 's one of those baseball pictures where the hero is stoic , the wife is patient , the kids are as cute as all get-out and the odds against success are long enough to intimidate , but short enough to [[make]] a [[dream]] seem possible . ","it 's one of those baseball pictures where the hero is stoic , the wife is patient , the kids are as cute as all get-out and the odds against success are long enough to intimidate , but short enough to [[put]] a [[daydream]] seem possible . ",0.1517314910888672,0.5532829165458679,1,0,1,103,"Successful"
"combining quick-cut editing and a blaring heavy metal much of the [[time]] , beck [[seems]] to [[be]] under the illusion that he 's shooting the latest system of a down video . ","combining quick-cut editing and a blaring heavy metal much of the [[moments]] , beck [[emerge]] to [[coming]] under the illusion that he 's shooting the latest system of a down video . ",0.29746192693710327,0.5051554441452026,0,1,0,121,"Successful"
"the movie 's relatively simple plot and uncomplicated morality play [[well]] with the [[affable]] [[cast]] . ","the movie 's relatively simple plot and uncomplicated morality play [[right]] with the [[effusive]] [[hurled]] . ",0.007151603698730469,0.6144059896469116,1,0,1,88,"Successful"
"what the director ca n't [[do]] is make either of val kilmer 's two personas interesting or worth caring about . ","what the director ca n't [[fait]] is make either of val kilmer 's two personas interesting or worth caring about . ",0.3096928596496582,0.5752543807029724,0,1,0,46,"Successful"
"too often , the viewer is n't [[reacting]] to humor so much as they are [[wincing]] back in repugnance . ","too often , the viewer is n't [[riposte]] to humor so much as they are [[trembled]] back in repugnance . ",0.36012768745422363,0.5543568134307861,0,1,0,83,"Successful"
"it 's [[great]] escapist [[fun]] that recreates a place and [[time]] that will never [[happen]] again . ","it 's [[sizable]] escapist [[kidding]] that recreates a place and [[calendars]] that will never [[occur]] again . ",0.003620445728302002,0.505915641784668,1,0,1,181,"Successful"
"scores no [[points]] for originality , wit , or intelligence . ","scores no [[issues]] for originality , wit , or intelligence . ",0.06589370965957642,0.5069866180419922,0,1,0,33,"Successful"
"there is n't nearly enough [[fun]] here , [[despite]] the presence of some appealing ingredients . ","there is n't nearly enough [[giggle]] here , [[except]] the presence of some appealing ingredients . ",0.22767549753189087,0.8932525515556335,0,1,0,60,"Successful"
"hilariously inept and ridiculous . ","hilariously inept and ridiculous . ",0.9636713266372681,0.9636713266372681,0,0,1,1,"Skipped"
"this movie is [[maddening]] . ","this movie is [[mystifying]] . ",0.043928682804107666,0.9720832109451294,0,1,0,31,"Successful"
"it haunts you , you ca n't forget it , you [[admire]] its conception and are [[able]] to resolve some of the confusions you had while watching it . ","it haunts you , you ca n't forget it , you [[admiring]] its conception and are [[incapable]] to resolve some of the confusions you had while watching it . ",0.08244532346725464,0.5857146382331848,1,0,1,45,"Successful"
"sam mendes has become valedictorian at the school for soft landings and easy ways out . ","sam mendes has become valedictorian at the school for soft landings and easy ways out . ",0.8994873762130737,0.8994873762130737,1,1,0,1,"Skipped"
"one of the [[smartest]] [[takes]] on singles [[culture]] i 've seen in a [[long]] [[time]] . ","one of the [[brightest]] [[assumes]] on singles [[cultura]] i 've seen in a [[longer]] [[stardate]] . ",0.04663664102554321,0.589793860912323,1,0,1,112,"Successful"
"moody , [[heartbreaking]] , and filmed in a [[natural]] , unforced style that makes its characters seem entirely [[convincing]] even when its script is not . ","moody , [[depressing]] , and filmed in a [[inborn]] , unforced style that makes its characters seem entirely [[convinced]] even when its script is not . ",0.00826716423034668,0.6894025802612305,1,0,1,66,"Successful"
"every nanosecond of the the new guy reminds you that you could be doing something else far more pleasurable . ","every nanosecond of the the new guy reminds you that you could be doing something else far more pleasurable . ",0.9432998895645142,0.9432998895645142,1,1,0,1,"Skipped"
"comes ... uncomfortably [[close]] to coasting in the treads of the bicycle [[thief]] . ","comes ... uncomfortably [[finalize]] to coasting in the treads of the bicycle [[villain]] . ",0.18185335397720337,0.6407453417778015,0,1,0,79,"Successful"
"warm water under a red bridge is a quirky and [[poignant]] japanese film that [[explores]] the [[fascinating]] connections between women , water , nature , and sexuality . ","warm water under a red bridge is a quirky and [[dreaded]] japanese film that [[consider]] the [[stunning]] connections between women , water , nature , and sexuality . ",0.029551446437835693,0.37959718704223633,1,1,1,200,"Failed"
"it [[seems]] to me the film is about the art of ripping people off without ever letting them consciously know you have done so ","it [[seem]] to me the film is about the art of ripping people off without ever letting them consciously know you have done so ",0.4716832637786865,0.8441106081008911,0,1,0,41,"Successful"
"old-form [[moviemaking]] at its [[best]] . ","old-form [[postproduction]] at its [[upper]] . ",0.04900425672531128,0.9388229846954346,1,0,1,50,"Successful"
"turns potentially forgettable formula into something strangely [[diverting]] . ","turns potentially forgettable formula into something strangely [[distracted]] . ",0.052246153354644775,0.9200270771980286,1,0,1,13,"Successful"
"( lawrence bounces ) all over the stage , [[dancing]] , [[running]] , sweating , mopping his face and generally displaying the wacky talent that [[brought]] him fame in the first place . ","( lawrence bounces ) all over the stage , [[ballet]] , [[execution]] , sweating , mopping his face and generally displaying the wacky talent that [[posed]] him fame in the first place . ",0.048840343952178955,0.5067192316055298,1,0,1,144,"Successful"
"a [[movie]] that [[reminds]] us of just how [[exciting]] and [[satisfying]] the fantasy [[cinema]] can be when it 's approached with [[imagination]] and [[flair]] . ","a [[cinematographers]] that [[cautioned]] us of just how [[enigmatic]] and [[comforting]] the fantasy [[theater]] can be when it 's approached with [[conception]] and [[talent]] . ",0.04094201326370239,0.31428778171539307,1,1,1,200,"Failed"
"confirms the nagging suspicion that ethan hawke would be even [[worse]] behind the camera than he is in front of it . ","confirms the nagging suspicion that ethan hawke would be even [[shittiest]] behind the camera than he is in front of it . ",0.20666903257369995,0.501639723777771,0,1,0,48,"Successful"
"in the [[end]] , we are [[left]] with something like two [[ships]] passing in the night rather than any [[insights]] into gay love , chinese society or the price one pays for being dishonest . ","in the [[concluding]] , we are [[departs]] with something like two [[flotilla]] passing in the night rather than any [[delusions]] into gay love , chinese society or the price one pays for being dishonest . ",0.17758315801620483,0.5436651706695557,0,1,0,145,"Successful"
"montias ... [[pumps]] a lot of energy into his [[nicely]] nuanced narrative and [[surrounds]] himself with a cast of [[quirky]] -- but not stereotyped -- street [[characters]] . ","montias ... [[pompe]] a lot of energy into his [[coldly]] nuanced narrative and [[besiege]] himself with a cast of [[loony]] -- but not stereotyped -- street [[specifics]] . ",0.006523430347442627,0.6144614815711975,1,0,1,165,"Successful"
"it provides the [[grand]] , [[intelligent]] [[entertainment]] of a superior cast [[playing]] [[smart]] people amid a [[compelling]] plot . ","it provides the [[gargantuan]] , [[brainy]] [[droll]] of a superior cast [[bets]] [[termite]] people amid a [[compel]] plot . ",0.0032497644424438477,0.6749359369277954,1,0,1,200,"Successful"
"[[suffers]] from the [[lack]] of a [[compelling]] or [[comprehensible]] narrative . ","[[experiencing]] from the [[rarity]] of a [[potent]] or [[understandable]] narrative . ",0.0037693381309509277,0.9879422783851624,0,1,0,111,"Successful"
"in execution , this clever idea is far [[less]] funny than the original , killers from space . ","in execution , this clever idea is far [[minus]] funny than the original , killers from space . ",0.02011585235595703,0.8241242170333862,0,1,0,61,"Successful"
"scooby dooby doo / and shaggy too / you both look and sound [[great]] . ","scooby dooby doo / and shaggy too / you both look and sound [[prodigious]] . ",0.006956696510314941,0.7212517857551575,1,0,1,39,"Successful"
"the tale of [[tok]] ( andy lau ) , a sleek sociopath on the trail of o ( [[takashi]] sorimachi ) , the most legendary of asian hitmen , is too scattershot to take [[hold]] . ","the tale of [[brook]] ( andy lau ) , a sleek sociopath on the trail of o ( [[inoue]] sorimachi ) , the most legendary of asian hitmen , is too scattershot to take [[detainees]] . ",0.23884761333465576,0.47066450119018555,0,0,0,200,"Failed"
"it all [[drags]] on so interminably it 's like watching a [[miserable]] relationship unfold in real time . ","it all [[plunges]] on so interminably it 's like watching a [[forlorn]] relationship unfold in real time . ",0.17112547159194946,0.6334389448165894,0,1,0,62,"Successful"
"pumpkin means to be an outrageous dark satire on fraternity life , but its ambitions far exceed the abilities of writer adam larson broder and his co-director , tony r. abrams , in their feature debut . ","pumpkin means to be an outrageous dark satire on fraternity life , but its ambitions far exceed the abilities of writer adam larson broder and his co-director , tony r. abrams , in their feature debut . ",0.6803817749023438,0.6803817749023438,1,1,0,1,"Skipped"
"looks and feels like a project [[better]] suited for the small screen . ","looks and feels like a project [[well]] suited for the small screen . ",0.3092234134674072,0.9809266328811646,0,1,0,18,"Successful"
"forced , familiar and thoroughly [[condescending]] . ","forced , familiar and thoroughly [[cocky]] . ",0.02810966968536377,0.9370384812355042,0,1,0,41,"Successful"
"that is a [[compliment]] to kuras and [[miller]] . ","that is a [[felicitations]] to kuras and [[mailer]] . ",0.007343769073486328,0.6770235300064087,1,0,1,53,"Successful"
"it 's not the [[ultimate]] depression-era gangster movie . ","it 's not the [[eventual]] depression-era gangster movie . ",0.02957165241241455,0.7945142388343811,0,1,0,18,"Successful"
"[[sacrifices]] the value of its [[wealth]] of archival foot-age with its less-than-objective stance . ","[[offerings]] the value of its [[richness]] of archival foot-age with its less-than-objective stance . ",0.03466463088989258,0.9532893896102905,0,1,0,52,"Successful"
"the character of zigzag is not [[sufficiently]] [[developed]] to [[support]] a film [[constructed]] around him . ","the character of zigzag is not [[fairly]] [[industrialized]] to [[succour]] a film [[rests]] around him . ",0.011759638786315918,0.5333594083786011,0,1,0,194,"Successful"
"what better message than ` love thyself ' could young women of any size receive ? ","what better message than ` love thyself ' could young women of any size receive ? ",0.7669609785079956,0.7669609785079956,0,0,1,1,"Skipped"
"a [[solid]] film ... but more conscientious than it is truly stirring . ","a [[stables]] film ... but more conscientious than it is truly stirring . ",0.2099880576133728,0.8293833136558533,1,0,1,39,"Successful"
"while ( hill ) has learned [[new]] tricks , the tricks alone are not enough to [[salvage]] this [[lifeless]] boxing [[film]] . ","while ( hill ) has learned [[newest]] tricks , the tricks alone are not enough to [[regained]] this [[flimsy]] boxing [[cinematography]] . ",0.10909360647201538,0.4150692820549011,0,0,0,200,"Failed"
"the [[best]] that can be said about the work here of scottish director ritchie ... is that he [[obviously]] does n't have his heart in it . ","the [[good]] that can be said about the work here of scottish director ritchie ... is that he [[assuredly]] does n't have his heart in it . ",0.12967628240585327,0.7165847420692444,0,1,0,105,"Successful"
"about a manga-like heroine who [[fights]] back at her [[abusers]] , it 's energetic and satisfying if not deep and psychological . ","about a manga-like heroine who [[brawl]] back at her [[offenders]] , it 's energetic and satisfying if not deep and psychological . ",0.005148112773895264,0.04257231950759888,1,1,1,167,"Failed"
"the talented and clever robert rodriguez perhaps put a little too much heart into his first film and did n't reserve enough for his second . ","the talented and clever robert rodriguez perhaps put a little too much heart into his first film and did n't reserve enough for his second . ",0.5321052074432373,0.5321052074432373,1,1,0,1,"Skipped"
"[[feels]] too formulaic and too familiar to [[produce]] the transgressive thrills of early [[underground]] [[work]] . ","[[senses]] too formulaic and too familiar to [[created]] the transgressive thrills of early [[ulterior]] [[cooperative]] . ",0.008437573909759521,0.43207257986068726,0,0,0,200,"Failed"
"the volatile dynamics of female friendship is the subject of this unhurried , low-key film that is so off-hollywood that it seems [[positively]] french in its rhythms and resonance . ","the volatile dynamics of female friendship is the subject of this unhurried , low-key film that is so off-hollywood that it seems [[strenuously]] french in its rhythms and resonance . ",0.1948811411857605,0.6213572025299072,1,0,1,49,"Successful"
"overall [[very]] [[good]] for what it 's trying to do . ","overall [[unimaginably]] [[advisable]] for what it 's trying to do . ",0.011415302753448486,0.9827567934989929,1,0,1,78,"Successful"
"a [[big]] , [[gorgeous]] , sprawling swashbuckler that [[delivers]] its diversions in [[grand]] , uncomplicated [[fashion]] . ","a [[whopping]] , [[glamorous]] , sprawling swashbuckler that [[offered]] its diversions in [[gigantic]] , uncomplicated [[frock]] . ",0.005697965621948242,0.5393927097320557,1,0,1,197,"Successful"
"a difficult , [[absorbing]] [[film]] that manages to convey more substance despite its repetitions and inconsistencies than do most films than are far more pointed and clear . ","a difficult , [[purchasing]] [[movies]] that manages to convey more substance despite its repetitions and inconsistencies than do most films than are far more pointed and clear . ",0.005078732967376709,0.6514151096343994,1,0,1,73,"Successful"
"the heavy-handed film is almost [[laughable]] as a consequence . ","the heavy-handed film is almost [[ironic]] as a consequence . ",0.1271367073059082,0.8653607368469238,0,1,0,48,"Successful"
"a [[solid]] [[examination]] of the male midlife crisis . ","a [[beefy]] [[scrutinize]] of the male midlife crisis . ",0.00921255350112915,0.8102933168411255,1,0,1,96,"Successful"
"a nightmare [[date]] with a half-formed wit done a great [[disservice]] by a [[lack]] of [[critical]] distance and a [[sad]] [[trust]] in liberal arts college bumper sticker platitudes . ","a nightmare [[moment]] with a half-formed wit done a great [[perpetuating]] by a [[rarity]] of [[indispensable]] distance and a [[baleful]] [[credibility]] in liberal arts college bumper sticker platitudes . ",0.014032304286956787,0.6032849550247192,0,1,0,200,"Successful"
"[[manages]] to [[transcend]] the sex , drugs and show-tunes plot into something [[far]] richer . ","[[administered]] to [[overtake]] the sex , drugs and show-tunes plot into something [[severely]] richer . ",0.038503050804138184,0.9097095131874084,1,0,1,108,"Successful"
"it takes talent to make a [[lifeless]] movie about the most heinous man who ever lived . ","it takes talent to make a [[tenuous]] movie about the most heinous man who ever lived . ",0.026482582092285156,0.5883294343948364,0,1,0,40,"Successful"
"by getting myself wrapped up in the visuals and eccentricities of many of the characters , i found myself [[confused]] when it came time to get to the heart of the movie . ","by getting myself wrapped up in the visuals and eccentricities of many of the characters , i found myself [[puzzled]] when it came time to get to the heart of the movie . ",0.40986865758895874,0.6394796371459961,0,1,0,59,"Successful"
"like leon , it 's frustrating and still oddly [[likable]] . ","like leon , it 's frustrating and still oddly [[unlikable]] . ",0.024257779121398926,0.8562729358673096,1,0,1,41,"Successful"
"uncommonly stylish but equally silly ... the picture [[fails]] to [[generate]] much suspense , nor [[does]] it ask searching enough questions to justify its pretensions . ","uncommonly stylish but equally silly ... the picture [[overlooking]] to [[manufactures]] much suspense , nor [[desires]] it ask searching enough questions to justify its pretensions . ",0.03697848320007324,0.40136289596557617,0,0,0,200,"Failed"
"not [[exactly]] the bees knees ","not [[exclusively]] the bees knees ",0.10279321670532227,0.5968741178512573,0,1,0,52,"Successful"
"there [[seems]] to [[be]] no [[clear]] path as to where the [[story]] 's [[going]] , or how long it 's going to take to get there . ","there [[emerges]] to [[coming]] no [[flagrant]] path as to where the [[escudos]] 's [[letting]] , or how long it 's going to take to get there . ",0.046582579612731934,0.5379117727279663,0,1,0,197,"Successful"
"slapstick buffoonery can tickle many a preschooler 's fancy , but when it [[costs]] a family of four about $ 40 to see a film in theaters , why [[spend]] money on a [[dog]] like this when you can [[rent]] a pedigree [[instead]] ? ","slapstick buffoonery can tickle many a preschooler 's fancy , but when it [[fresh]] a family of four about $ 40 to see a film in theaters , why [[expense]] money on a [[pup]] like this when you can [[tenants]] a pedigree [[relatively]] ? ",0.21376997232437134,0.44317954778671265,0,0,0,200,"Failed"
"a [[woman]] 's [[pic]] [[directed]] with [[resonance]] by [[ilya]] chaiken . ","a [[wives]] 's [[pac]] [[targeted]] with [[harmonics]] by [[elia]] chaiken . ",0.021623730659484863,0.7897092700004578,1,0,1,106,"Successful"
"may reawaken discussion of the kennedy assassination but this fictional film looks made for cable [[rather]] than for the big screen . ","may reawaken discussion of the kennedy assassination but this fictional film looks made for cable [[totally]] than for the big screen . ",0.20725327730178833,0.6694986820220947,0,1,0,53,"Successful"
"characters still need to function according to some set of believable and comprehensible impulses , no matter how many drugs they do or how much artistic license avary employs . ","characters still need to function according to some set of believable and comprehensible impulses , no matter how many drugs they do or how much artistic license avary employs . ",0.5172836780548096,0.5172836780548096,1,1,0,1,"Skipped"
"the end [[result]] is a [[film]] that 's neither . ","the end [[accomplishment]] is a [[pictures]] that 's neither . ",0.04588615894317627,0.4505576491355896,0,0,0,135,"Failed"
"[[manages]] to [[be]] sweet and wickedly satisfying at the same [[time]] . ","[[operated]] to [[come]] sweet and wickedly satisfying at the same [[dated]] . ",0.016111016273498535,0.5499836802482605,1,0,1,150,"Successful"
"leigh 's film is [[full]] of [[memorable]] performances from top to bottom . ","leigh 's film is [[utter]] of [[prodigious]] performances from top to bottom . ",0.008163392543792725,0.5277920961380005,1,0,1,69,"Successful"
"it 's also , clearly , [[great]] [[fun]] . ","it 's also , clearly , [[sizable]] [[distracting]] . ",0.004306435585021973,0.5082577466964722,1,0,1,91,"Successful"
"rarely has leukemia looked so shimmering and benign . ","rarely has leukemia looked so shimmering and benign . ",0.882649302482605,0.882649302482605,1,1,0,1,"Skipped"
"it seems like i have been waiting my whole life for this movie and now i ca n't wait for the sequel . ","it seems like i have been waiting my whole life for this movie and now i ca n't wait for the sequel . ",0.5774253606796265,0.5774253606796265,0,0,1,1,"Skipped"
"determined to be fun , and [[bouncy]] , with energetic musicals , the humor did n't [[quite]] engage this adult . ","determined to be fun , and [[tyres]] , with energetic musicals , the humor did n't [[rather]] engage this adult . ",0.2590620517730713,0.8753287196159363,0,1,0,65,"Successful"
"if you dig on david mamet 's mind tricks ... rent this movie and [[enjoy]] ! ","if you dig on david mamet 's mind tricks ... rent this movie and [[receive]] ! ",0.019687116146087646,0.5506765842437744,1,0,1,47,"Successful"
"bleakly [[funny]] , its characters all the more touching for refusing to pity or memorialize themselves . ","bleakly [[bizarre]] , its characters all the more touching for refusing to pity or memorialize themselves . ",0.03400355577468872,0.5748534798622131,1,0,1,52,"Successful"
"delivers the same [[old]] same [[old]] , tarted up with [[latin]] flava and [[turned]] out by hollywood playas . ","delivers the same [[longstanding]] same [[senior]] , tarted up with [[latina]] flava and [[turn]] out by hollywood playas . ",0.11109763383865356,0.633063793182373,0,1,0,97,"Successful"
"[[does]] n't offer much besides glib soullessness , [[raunchy]] [[language]] and a series of brutal set pieces ... that raise the bar on stylized screen [[violence]] . ","[[es]] n't offer much besides glib soullessness , [[lighthearted]] [[tongue]] and a series of brutal set pieces ... that raise the bar on stylized screen [[ruthlessness]] . ",0.21046864986419678,0.5449898838996887,0,1,0,162,"Successful"
"it made me [[want]] to wrench my eyes out of my head and [[toss]] them at the screen . ","it made me [[desire]] to wrench my eyes out of my head and [[lays]] them at the screen . ",0.19405686855316162,0.5518319606781006,0,1,0,75,"Successful"
"the film 's [[performances]] are [[thrilling]] . ","the film 's [[executions]] are [[scintillating]] . ",0.002982020378112793,0.7473018169403076,1,0,1,51,"Successful"
"unfortunately , it 's not silly [[fun]] unless you enjoy really [[bad]] [[movies]] . ","unfortunately , it 's not silly [[giggle]] unless you enjoy really [[dirty]] [[scene]] . ",0.055609285831451416,0.5131978392601013,0,1,0,134,"Successful"
"it 's a [[bad]] [[thing]] when a movie [[has]] about as much [[substance]] as its [[end]] credits blooper reel . ","it 's a [[mala]] [[things]] when a movie [[enjoy]] about as much [[merits]] as its [[fin]] credits blooper reel . ",0.011378705501556396,0.5031155943870544,0,1,0,198,"Successful"
"i sympathize with the [[plight]] of these families , but the [[movie]] does n't [[do]] a [[very]] good job conveying the issue at hand . ","i sympathize with the [[sadness]] of these families , but the [[theater]] does n't [[could]] a [[pretty]] good job conveying the issue at hand . ",0.06334143877029419,0.5646793842315674,0,1,0,158,"Successful"
"the lower your expectations , the more you 'll enjoy it . ","the lower your expectations , the more you 'll enjoy it . ",0.9404654502868652,0.9404654502868652,1,1,0,1,"Skipped"
"though perry and hurley make inspiring efforts to breathe life into the disjointed , haphazard script by jay scherick and david ronn , neither the actors nor director reginald hudlin can make it more than fitfully entertaining . ","though perry and hurley make inspiring efforts to breathe life into the disjointed , haphazard script by jay scherick and david ronn , neither the actors nor director reginald hudlin can make it more than fitfully entertaining . ",0.5113776922225952,0.5113776922225952,1,1,0,1,"Skipped"
"a must-see for the david mamet enthusiast and for anyone who appreciates intelligent , stylish [[moviemaking]] . ","a must-see for the david mamet enthusiast and for anyone who appreciates intelligent , stylish [[cinematographers]] . ",0.007333338260650635,0.018735885620117188,1,1,1,130,"Failed"
"pacino is [[brilliant]] as the sleep-deprived dormer , his increasing weariness as much existential as it is physical . ","pacino is [[great]] as the sleep-deprived dormer , his increasing weariness as much existential as it is physical . ",0.09496337175369263,0.6752508878707886,1,0,1,55,"Successful"
"` [[de]] niro ... is a veritable source of [[sincere]] [[passion]] that this hollywood contrivance orbits around . ' ","` [[aux]] niro ... is a veritable source of [[cordially]] [[whim]] that this hollywood contrivance orbits around . ' ",0.1230994462966919,0.530075192451477,1,0,1,115,"Successful"
"a [[misogynistic]] [[piece]] of filth that [[attempts]] to [[pass]] itself off as hip , young [[adult]] entertainment . ","a [[chauvinist]] [[primal]] of filth that [[endeavour]] to [[enactment]] itself off as hip , young [[grown]] entertainment . ",0.015805542469024658,0.6633985042572021,0,1,0,128,"Successful"
"its story may be a thousand years old , but why did it have to [[seem]] [[like]] it [[took]] another [[thousand]] to tell it to us ? ","its story may be a thousand years old , but why did it have to [[appearing]] [[lover]] it [[accomplished]] another [[thousands]] to tell it to us ? ",0.09678161144256592,0.5382945537567139,0,1,0,95,"Successful"
"try as i may , i [[ca]] n't think of a single good reason to see this movie , even though everyone in my group extemporaneously shouted , ` thank you ! ' ","try as i may , i [[could]] n't think of a single good reason to see this movie , even though everyone in my group extemporaneously shouted , ` thank you ! ' ",0.2984964847564697,0.5793149471282959,0,1,0,38,"Successful"
"the movie is [[beautiful]] to behold and [[engages]] one in a [[sense]] of epic struggle -- inner and outer -- that 's all too rare in hollywood 's hastier [[productions]] . ","the movie is [[jamil]] to behold and [[undertake]] one in a [[foreboding]] of epic struggle -- inner and outer -- that 's all too rare in hollywood 's hastier [[fabrication]] . ",0.0638086199760437,0.5691417455673218,1,0,1,156,"Successful"
"a [[celebration]] of quirkiness , eccentricity , and certain individuals ' tendency to let it all hang out , and damn the consequences . ","a [[celebrations]] of quirkiness , eccentricity , and certain individuals ' tendency to let it all hang out , and damn the consequences . ",0.45302605628967285,0.5635268688201904,1,0,1,55,"Successful"
"morton uses her face and her body language to [[bring]] us morvern 's soul , even [[though]] the character is almost completely deadpan . ","morton uses her face and her body language to [[supplying]] us morvern 's soul , even [[besides]] the character is almost completely deadpan . ",0.14713984727859497,0.5250611305236816,1,0,1,86,"Successful"
"instead of a hyperbolic beat-charged urban western , it 's an unpretentious , sociologically pointed [[slice]] of [[life]] . ","instead of a hyperbolic beat-charged urban western , it 's an unpretentious , sociologically pointed [[slices]] of [[inhabits]] . ",0.0338478684425354,0.5164502859115601,1,0,1,82,"Successful"
"my thoughts were focused on the [[characters]] . ","my thoughts were focused on the [[typeface]] . ",0.09573215246200562,0.5205093622207642,1,0,1,46,"Successful"
"so , too , is this comedy about mild [[culture]] clashing in today 's new [[delhi]] . ","so , too , is this comedy about mild [[crops]] clashing in today 's new [[deli]] . ",0.1313457489013672,0.616021990776062,1,0,1,46,"Successful"
"for starters , the story is just too [[slim]] . ","for starters , the story is just too [[smart]] . ",0.037353456020355225,0.8739017844200134,0,1,0,28,"Successful"
"this is a [[winning]] ensemble comedy that [[shows]] canadians can put gentle [[laughs]] and equally [[gentle]] sentiments on the button , just as easily as their counterparts anywhere else in the [[world]] . ","this is a [[avail]] ensemble comedy that [[indicate]] canadians can put gentle [[giggle]] and equally [[saggy]] sentiments on the button , just as easily as their counterparts anywhere else in the [[mondo]] . ",0.032925963401794434,0.27465879917144775,1,1,1,200,"Failed"
"at the very least , if you do n't know anything about derrida when you walk into the [[theater]] , you [[wo]] n't know [[much]] more when you leave . ","at the very least , if you do n't know anything about derrida when you walk into the [[movies]] , you [[did]] n't know [[tremendously]] more when you leave . ",0.35457974672317505,0.5545932650566101,0,1,0,93,"Successful"
